Modelo,R²,RMSE,MAE
Linear Regression,0.9460623932914486,189.87334103779204,78.77262658204582
Gradient Boosting,0.9031272093843391,254.45972972797153,25.94431352673519
Random Forest,0.8069455219711024,359.21800464745473,36.44247192257622
